English_Word,Amharic,Egyptian Arabic,Hausa,Levantine Arabic,Modern Standard Arabic,Sudanese Arabic,Vietnamese,Indonesian,Javanese,Tagalog,Kannada,Tamil,Telugu,Bengali,Bhojpuri,English,French,Gujarati,Hindi,Persian,Italian,Marathi,Portuguese,Russian,Spanish,German,Urdu,Punjabi,Japanese,Korean,Thai,Swahili,Mandarin,Wu,Yue,Turkish
I,እኔ (ine),انا (ana),ni,أنا (ana),أَنَا (anā),أنا (ana),tôi,saya,aku,ako,ನಾನು (nānu),நான் (nāṉ),నేను (nēnu),আমি (ami),हम (ham),I,je,હું (hũ),मैं (ma͠i),من (man),io,मी (mī),eu,я (ja),yo,ich,میں (maĩ),میں (maĩ),我 (wa),나 (na),ฉัน (chan),mimi,我 (wǒ),我 (ngù),我 (ngóh),ben
you (sg.),አንተ (ante),انت (inta),kai,إنت (inta),أَنْتَ (anta),إنت (inta),bạn,kamu,kowé,ikaw,ನೀನು (nīnu),நீ (nī),నువ్వు (nuvvu),তুমি (tumi),ते (te),you,tu,તું (tũ),तू (tū),تو (to),tu,तू (tū),tu,ты (ty),tú,du,تو (tū),توں (toṉ),貴方 (anata),너 (neo),คุณ (khun),wewe,你 (nǐ),儂 (non),你 (néih),sen
we,እኛ (iña),احنا (eḥna),mu,إحنا (iḥna),نَحْنُ (naḥnu),إحنا (eḥna),chúng tôi,kami,awaké dhéwé,tayo,ನಾವು (nāvu),நாம் (nām),మనము (manamu),আমরা (amra),हमनी (hamnī),we,nous,અમે (ame),हम (ham),ما (mâ),noi,आम्ही (āmhī),nós,мы (my),nosotros,wir,ہم (ham),اسیں (asī̃),私達 (watashitachi),우리 (uri),เรา (rao),sisi,我們 (wǒmen),阿拉 (aq laq),我哋 (ngóh deih),biz
this,ይህ (yih),ده (dah),wannan,هاد (hād),هٰذَا (hādhā),ده (da),này,ini,iki,ito,ಇದು (idu),இது (itu),ఇది (idi),এ (e),इह (ih),this,ceci,આ (ā),यह (yah),این (in),questo,हा (hā),este,э́то (éto),este,dieser,یہ (yeh),ایہہ (iha),此れ (kore),이 (i),นี้ (ni),huyu,這 (zhè),搿 (geq),呢 (nī),bu
that,ያ (ya),دوّت (dawwat),wancan,هداك (hadāk),ذٰلِكَ (dhālika),داك (dāk),đó,itu,iku,iyon,ಅದು (adu),அது (atu),అది (adi),ও (ō),उह (uh),that,cela,પેલું (pelũ),वह (vah),آن (ân),quello,तो (to),aquele,то (to),ese,jener,وہ (voh),اوہ (uha),其れ (sore),저 (jeo),นั้น (nan),yule,那 (nà),埃 (e),嗰 (gó),şu
who,ማን (man),مين (mīn),wa,مين (mīn),مَنْ (man),منو (minu),ai,siapa,sapa,sino,ಯಾರು (yāru),யார் (yār),ఎవరు (evaru),কে (ke),कवन (kavan),who,qui,કોણ (koṇ),कौन (kaun),کی (ki),chi,कोण (koṇ),quem,кто (kto),quién,wer,کون (kaun),کَون (kaun),誰 (dare),누구 (nugu),ใคร (khrai),nani,誰 (shéi),啥人 (sa gnin),邊個 (bīn go),kim
what,ምን (min),ايه (ēh),me,إيش (īsh),مَا (mā),شنو (shinu),gì,apa,apa,ano,ಏನು (ēnu),என்ன (eṉṉa),ఏమిటి (ēmiṭi),কী (ki),का (kā),what,quoi,શું (śũ),क्या (kyā),چه (če),cosa,काय (kāy),que,что (što),qué,was,کیا (kyā),کیہہ (keh),何 (nani),무엇 (mu-eot),อะไร (arai),nini,什麼 (shénme),啥 (sa),乜 (mat),ne
not,አይደለም (aydelem),مش (mish),ba,مُش (mush),لَا (lā),ما (ma),không,tidak,ora,hindi,ಅಲ್ಲ (alla),இல்லை (illai),కాదు (kādu),না (na),ना (nā),not,ne pas,નહીં (nahī̃),नहीं (nahī̃),نـ (na),non,नाही (nāhī),não,не (ne),no,nicht,نہیں (nahī̃),نہیں (nheṉ),ない (nai),아니다 (anida),ไม่ (mai),si,不 (bù),勿 (veq),唔 (m̀h),değil
all,ሁሉም (hulum),كل (kull),duk,كل (kull),كُلّ (kull),كل (kulla),tất cả,semua,kabèh,lahat,ಎಲ್ಲ (ella),அனைத்து (aṉaittu),అందరు (andaru),সব (śobo),कुल (kul),all,tout,બધું (badhũ),सब (sab),همه (hame),tutto,सगळे (sagḷe),todo,всё (vsjo),todo,alle,سب (sab),سارا (sārā),皆 (mina),모든 (modeun),ทั้งหมด (thangmot),ote,都 (dōu),全部 (zhi bu),全部 (chyùhn bouh),bütün
many,ብዙ (bizu),كتير (kitīr),da yawa,كتير (ktīr),كَثِير (kathīr),كتير (katīr),nhiều,banyak,akèh,marami,ಹಲ (hala),பல (pala),చాలా (cālā),অনেক (onek),जादे (zāde),many,beaucoup,ઘણું (ghaṇũ),बहुत (bahut),خیلی (xeyli),molto,पुष्कळ (puṣkaḷ),muito,мно́го (mnógo),mucho,viele,بہت (bahut),کئی (k'ī),多い (ooi),많은 (maneun),หลาย (lai),ingi,多 (duō),交關 (ciau kue),多 (dō),çok
one,አንድ (and),واحد (wāḥid),ɗaya,واحد (wāḥad),وَاحِد (wāḥid),واحد (wāḥid),một,satu,siji,isa,ಒಂದು (ondu),ஒன்று (oṉṟu),ఒకటి (okaṭi),এক (ek),एक (ek),one,un,એક (eka),एक (ek),یک (yek),uno,एक (ek),um,оди́н (odín),uno,eins,یک (ek),اِکّ (īkk),一 (hito),하나 (hana),หนึ่ง (nueng),moja,一 (yī),一 (iq),一 (yāt),bir
two,ሁለት (hulet),اتنين (itnēn),biyu,تنين (tnēn),اِثْنَان (ithnān),إتنين (itnēn),hai,dua,loro,dalawa,ಎರಡು (eraḍu),இரண்டு (iraṇṭu),రెండు (reṇḍu),দুই (dui),दु (du),two,deux,બે (be),दो (do),دو (do),due,दोन (don),dois,два (dva),dos,zwei,دو (do),دو (do),二 (futa),둘 (dul),สอง (song),mbili,二 (èr),兩 (lian),二 (yíh),iki
big,ትልቅ (tilik),كبير (kabīr),babba,كبير (kbīr),كَبِير (kabīr),كبير (kabīr),lớn,besar,gedhé,malaki,ದೊಡ್ಡ (doḍḍa),பெரிய (periya),పెద్ద (pedda),বড় (boṛ),बड़ (baṛ),big,grand,મોટું (moṭũ),बड़ा (baṛā),بزرگ (bozorg),grande,मोठे (moṭhe),grande,большо́й (bolʹšój),grande,groß,بڑا (baṛā),وڈا (vḍā),大きい (ōkii),크다 (keuda),ใหญ่ (yai),kubwa,大 (dà),大 (du),大 (daaih),büyük
long,ረጅም (rejim),طويل (ṭawīl),dogo,طويل (ṭawīl),طَوِيل (ṭawīl),طويل (ṭawīl),dài,panjang,dawa,mahaba,ನಿಡು (niḍu),நீளமான (nīḷamāṉa),పొడవైన (poḍavaina),লম্বা (lomba),लाम (lām),long,long,લાંબુ (lā̃bu),लम्बा (lambā),دراز (derâz),lungo,लांब (lāmba),longo,дли́нный (dlínnyj),largo,lang,لمبا (lambā),لمما (lamma),長い (nagai),길다 (gilda),ยาว (yao),refu,長 (cháng),長 (zan),長 (chèuhng),uzun
small,ትንሽ (tinish),صغيّر (ṣughayyar),ƙarami,زغير (zghīr),صَغِير (ṣaghīr),صغير (ṣughayyar),nhỏ,kecil,cilik,maliit,ಸಣ್ಣ (saṇṇa),சின்ன (ciṉṉa),చిన్న (cinna),ছোট (chōṭ),छोट (choṭ),small,petit,નાનું (nānũ),छोटा (choṭā),کوچک (kuček),piccolo,लहान (lahān),pequeno,ма́ленький (málenʹkij),pequeño,klein,چھوٹا (choṭā),چھوٹا (choṭā),小さい (chīsai),작다 (jakda),เล็ก (lek),dogo,小 (xiǎo),小 (shiau),細 (sai),küçük
woman,ሴት (set),ست (sitt),mace,مرة (mara),اِمْرَأَة (imra'a),مرة (marah),đàn bà,perempuan,wadon,babae,ಹೆಂಗಸು (heṅgasu),பெண் (peṇ),ఆడది (āḍadi),মহিলা (mohila),मेहरारू (mehrārū),woman,femme,બાઈડી (bāīḍī),औरत (aurat),زن (zan),donna,बाई (bāī),mulher,же́нщина (žénščina),mujer,Frau,عورت (aurat),عورت (aurat),女 (onna),여자 (yeoja),หญิง (ying),mwanamke,女人 (nǚrén),女人 (gniu gnin),女人 (neóih yàhn),kadın
man,ወንድ (wend),راجل (rāgil),mutum,زلمة (zalame),رَجُل (rajul),راجل (rāgil),đàn ông,lelaki,lanang,lalaki,ಗಂಡಸು (gaṇḍasu),ஆள் (āḷ),మగవాడు (magavāḍu),পুরুষ (puruś),मरद (marad),man,homme,માણસ (māṇas),आदमी (ādmī),مرد (mard),uomo,पुरुष (puruṣ),homem,мужчи́на (mužčína),varón,Mann,آدمی (ādmī),آدمی (ādamī),男 (otoko),남자 (namja),ชาย (chai),mwanamume,男人 (nánrén),男人 (noe gnin),男人 (nàahm yàhn),adam
person,ሰው (sew),انسان (insān),ɗan Adam,إنسان (insān),إِنْسَان (insān),زول (zōl),người,manusia,wong,tao,ಮನುಷ್ಯ (manuṣya),மனிதன் (maṉitaṉ),మనిషి (maniṣi),মানুষ (manuś),इंसान (insān),person,personne,માણસ (māṇas),इंसान (insān),انسان (ensân),persona,माणूस (māṇūs),pessoa,челове́к (čelovék),hombre,Mensch,انسان (insān),انسان (inasān),人 (hito),사람 (saram),คน (khon),mtu,人 (rén),人 (gnin),人 (yàhn),insan
fish,ዓሣ ('asa),سمكة (samaka),kifi,سمكة (samake),سَمَك (samak),حوت (ḥūt),cá,ikan,iwak,isda,ಮೀನು (mīnu),மீன் (mīṉ),చేప (cēpa),মাছ (mach),मछरी (machrī),fish,poisson,માછલી (māchlī),मछली (machlī),ماهی (mâhi),pesce,मासा (māsā),peixe,ры́ба (rýba),pez,Fisch,مچھلی (machlī),مچھی (macchī),魚 (uo),물고기 (mulgogi),ปลา (pla),samaki,魚 (yú),魚 (ng),魚 (jyùh),balık
bird,ወፍ (wef),طير (ṭayr),tsuntsu,عصفور ('aṣfūr),طَائِر (ṭā'ir),طير (ṭayr),chim,burung,manuk,ibon,ಹಕ್ಕಿ (hakki),பறவை (paṟavai),పక్షి (pakṣi),পাখি (pakhi),चिड़ईं (chiṛaī̃),bird,oiseau,પંખી (paṅkhī),चिड़िया (ciṛiyā),پرنده (parande),uccello,पक्षी (pakṣī),pássaro,пти́ца (ptíca),pájaro,Vogel,چڑیا (ciṛiyā),پنچھی (pañchī),鳥 (tori),새 (sae),นก (nok),ndege,鳥 (niǎo),鳥 (gniau),雀 (jeuk),kuş
dog,ውሻ (wishsha),كلب (kalb),kare,كلب (kalb),كَلْب (kalb),كلب (kalib),chó,anjing,asu,aso,ನಾಯಿ (nāyi),நாய் (nāy),కుక్క (kukka),কুকুর (kukur),कुकुर (kukur),dog,chien,કુતરો (kutro),कुत्ता (kuttā),سگ (sag),cane,कुत्रा (kutrā),cão,соба́ка (sobáka),perro,Hund,کتا (kuttā),کتا (kuttā),犬 (inu),개 (gae),หมา (ma),mbwa,狗 (gǒu),狗 (keu),狗 (gáu),köpek
louse,ቅማል (qimal),قملة (amla),kwarkwa,قملة (qamle),قَمْل (qaml),قملة (gamla),rận,kutu,tuma,kuto,ಹೇನು (hēnu),பேன் (pēṉ),పేను (pēnu),উকুন (ukun),लीख (līkh),louse,pou,જૂ (jū),जूँ (jū̃),شپش (šepeš),pidocchio,ऊ (ū),piolho,вошь (vošʹ),piojo,Laus,جوں (jū̃),جوں (jū̃),虱 (shirami),이 (i),เหา (hao),chawa,虱 (shī),老白蝨 (lau baq seq),蝨 (sat),bit
tree,ዛፍ (zaf),شجرة (shagara),itace,شجرة (shajara),شَجَرَة (shajarah),شجرة (shajarah),cây,pohon,wit,puno,ಮರ (mara),மரம் (maram),చెట్టు (ceṭṭu),গাছ (gach),फेड़ (pheṛ),tree,arbre,ઝાડ (jhāḍ),पेड़ (peṛ),درخت (deraxt),albero,झाड (j̈hāḍ),árvore,де́рево (dérevo),árbol,Baum,درخت (darakht),رُکھ (rukh),木 (ki),나무 (namu),ต้นไม้ (tonmai),mti,樹 (shù),樹 (zy),樹 (syuh),ağaç
seed,ዘር (zer),حباية (ḥabbāya),iri,بذرة (bizra),زَرْع (zar'),تراب (turāb),hạt,biji,wiji,buto,ಬೀಜ (bīja),விதை (vitai),విత్తనం (vittanaṁ),বীজ (bij),बीया (bīyā),seed,graine,બીજ (bīj),बीज (bīj),بذر (bazr),seme,बी (bī),semente,се́мя (sémja),semilla,Samen,بیج (bīj),بیج (bīj),種 (tane),씨 (ssi),เม็ด (met),mbegu,種子 (zhǒngzi),籽 (tsy),種子 (júng jí),tohum
leaf,ቅጠል (qital),ورقة (wara'a),ganye,ورقة (waraqa),وَرَقَة (waraqah),ورقة (waraqa),lá,daun,godhong,dahon,ಎಲೆ (ele),இலை (ilai),ఆకు (āku),পাতা (pata),पात (pāt),leaf,feuille,પાંદડું (pā̃dḍũ),पत्ता (pattā),برگ (barg),foglia,पान (pān),folha,лист (list),hoja,Blatt,پتا (pattā),پتا (patā),葉 (ha),잎 (ip),ใบไม้ (baimai),jani,葉 (yè),葉子 (yiq tsy),葉 (yihp),yaprak
root,ሥር (sir),جدر (gidr),saiwa,شرش (shirsh),جِذْر (jidhr),جذر (jizr),rễ,akar,oyod,ugat,ಬೇರು (bēru),வேர் (vēr),వేరు (vēru),শিকড় (śikoṛ),जड़ (jaṛ),root,racine,મૂળ (mūḷ),जड़ (jaṛ),ریشه (riše),radice,मूळ (mūḷ),raiz,ко́рень (kórenʹ),raíz,Wurzel,جڑ (jaṛ),جڑھ (jaṛh),根 (ne),뿌리 (ppuri),รากไม้ (rakmai),mzizi,根 (gēn),根 (ken),根 (gān),kök
bark (of tree),ቅርፊት (qirfit),جدع (gada'),ɓawon itace,قشرة (qishra),قِلْف (qilf),قشرة (qishrah),vỏ,pepagan,babakan,balat,ತೊಗಟೆ (togaṭe),பட்டை (paṭṭai),బెరడు (beraḍu),ছাল (chal),छाल (chāl),bark,écorce,છાલ (chāl),छाल (chāl),پوست (pust),corteccia,साल (sāl),casca,кора́ (korá),corteza,Borke,چھال (chāl),چھل (chilla),樹皮 (juhi),껍질 (kkeopjil),เปลือกไม้ (plueakmai),gamba,樹皮 (shùpí),樹皮 (zy bi),樹皮 (syuh peìh),kabuk
skin,ቆዳ (qoda),جلد (gild),fata,جلد (jild),جِلْد (jild),جلد (jild),da,kulit,kulit,balat,ಚರ್ಮ (carma),தோல் (tōl),తోలు (tōlu),চামড়া (camṛa),चमड़ी (chamṛī),skin,peau,ચામડી (cāmḍī),चमड़ी (camṛī),پوست (pust),pelle,त्वचा (tvacā),pele,ко́жа (kóža),piel,Haut,جلد (jild),چمڑی (camṛī),皮 (kawa),피부 (pibu),หนัง (nang),ngozi,皮 (pí),皮膚 (bi fu),皮 (peìh),deri
flesh,ሥጋ (siga),لحمة (laḥma),nama,لحم (laḥm),لَحْم (laḥm),لحم (laḥm),thịt,daging,daging,laman,ಮಾಂಸ (māṃsa),மாமிசம் (māmicam),మాంసం (māṁsaṁ),মাংস (maṅśo),शिकार (shikār),flesh,viande,માંસ (mā̃s),माँस (mā̃s),گوشت (gušt),carne,मास (mās),carne,мя́со (mjáso),carne,Fleisch,گوشت (gosht),ماس (mās),肉 (shishi),살 (sal),เนื้อ (nuea),nyama,肉 (ròu),肉 (gnioq),肉 (yuhk),et
blood,ደም (dem),دم (damm),jini,دم (damm),دَم (dam),دم (damm),máu,darah,getih,dugo,ರಕ್ತ (rakta),இரத்தம் (rattam),రక్తము (raktamu),রক্ত (rokto),ख़ून (xūn),blood,sang,લોહી (lohī),ख़ून (xūn),خون (xun),sangue,रक्त (rakta),sangue,кровь (krovʹ),sangre,Blut,خون (xūn),لہو (lahū),血 (chi),피 (pi),เลือด (lueat),damu,血 (xiě),血 (shiuq),血 (hyut),kan
bone,አጥንት ('aṭint),عضم ('aḍm),ƙashi,عضم ('aḍm),عَظْم ('aẓm),عضم (aḍm),xương,tulang,balung,buto,ಎಲುಬು (elubu),எலும்பு (elumpu),ఎముక (emuka),হাড় (haṛ),हड्डी (haḍḍī),bone,os,હાડકું (hāḍkũ),हड्डी (haḍḍī),استخوان (ostoxân),osso,हाड (hāḍ),osso,кость (kostʹ),hueso,Knochen,ہڈی (haḍḍī),ہڈی (haḍḍī),骨 (hone),뼈 (ppyeo),กระดูก (kraduk),mfupa,骨 (gǔ),骨頭 (kueq deu),骨 (gwat),kemik
grease/fat,ስብ (sib),دهن (dihn),ƙiba,شحم (shaḥm),دُهْن (duhn),دهن (dihn),mỡ,lemak,gajih,taba,ಕೊಬ್ಬು (kobbu),கொழுப்பு (koḻuppu),కొవ్వు (kovvu),চর্বি (corbi),चरबी (charbī),grease,graisse,ચરબી (carbī),चरबी (carbī),چربو (čarbu),grasso,चरबी (carbī),gordura,жир (žir),grasa,Fett,چربی (carbī),چربی (carbī),脂 (abura),지방 (jibang),ไขมัน (khaiman),mafuta,脂肪 (zhīfáng),脂肪 (tsy faon),脂肪 (jī fōng),yağ
egg,እንቁላል (inqulal),بيضة (bēḍa),ƙwai,بيضة (bēḍa),بَيْضَة (bayḍah),بيضة (bēḍah),trứng,telur,endhog,itlog,ಮೊಟ್ಟೆ (moṭṭe),முட்டை (muṭṭai),గుడ్డు (guḍḍu),ডিম (ḍim),अंडा (aṇḍā),egg,œuf,ઈંડું (ī̃ḍũ),अंडा (aṇḍā),تخم (toxm),uovo,अंडे (aṇḍe),ovo,яйцо́ (jajcó),huevo,Ei,انڈہ (anḍā),آنڈا (āṇḍā),卵 (tamago),알 (al),ไข่ (khai),yai,蛋 (dàn),蛋 (de),蛋 (daahn),yumurta
horn,ቀንድ (qend),قرن (qarn),ƙaho,قرن (qarn),قَرْن (qarn),قرن (garn),sừng,tanduk,sungu,sungay,ಕೊಂಬು (kombu),கொம்பு (kompu),కొమ్ము (kommu),শিং (śiṅ),सींग (sīṅg),horn,corne,શીંગડું (śī̃gḍũ),सींग (sīṅg),شاخ (šâx),corno,शिंग (śiṅga),chifre,рог (rog),cuerno,Horn,سینگ (sīng),سِنگ (siṅg),角 (tsuno),뿔 (ppul),เขา (khao),pembe,角 (jiǎo),角 (koq),角 (gok),boynuz
tail,ጅራት (jirat),ديل (dīl),wutsiya,دنب (danab),ذَنَب (dhanab),دنب (danab),đuôi,ekor,buntut,buntot,ಬಾಲ (bāla),வால் (vāl),తోక (tōka),লেজ (lej),पोँछ (põch),tail,queue,પૂંછડી (pū̃chḍī),पूँछ (pū̃ch),دم (dom),coda,शेपूट (śepūṭ),cauda,хвост (xvost),cola,Schwanz,پونچھ (pūnch),پُوچھ (pūch),尾 (o),꼬리 (kkori),หาง (hang),mkia,尾 (wěi),尾巴 (gni po),尾 (méih),kuyruk
feather,ላባ (laba),ريشة (rīsha),gashin tsuntsu,ريشة (rīshe),رِيشَة (rīshah),ريش (rish),lông vũ,bulu,wulu,balahibo,ಗರಿ (gari),இறகு (iṟaku),ఈక (īka),পর (por),पाँख (pā̃kh),feather,plume,પીંછું (pī̃chũ),पंख (paṅkh),پر (par),penna,पीस (pīs),pena,перо́ (peró),pluma,Feder,پر (par),کھنبھ (khambh),羽 (hane),깃털 (gitteol),ขนนก (khon nok),unyoya,羽毛 (yǔmáo),羽毛 (yu mau),羽毛 (jyúh mouh),tüy
hair,ፀጉር (ṣegur),شعر (sha'r),suma,شعر (sha'r),شَعْر (sha'r),شعر (sha'r),tóc,rambut,rambut,buhok,ಕೂದಲು (kūdalu),முடி (muṭi),వెంట్రుకలు (veṇṭrukalu),চুল (cul),बार (bār),hair,cheveux,વાળ (vāḷ),बाल (bāl),مو (mu),capello,केस (kes),cabelo,во́лос (vólos),pelo,Haar,بال (bāl),وال (vāl),髪 (kami),머리카락 (meorikarak),ผม (phom),nywele,頭髮 (tóufa),頭髮 (deu faq),頭髮 (tàuh faat),saç
head,ራስ (ras),راس (rās),kai,راس (rās),رَأْس (ra's),راس (rās),đầu,kepala,sirah,ulo,ತಲೆ (tale),தலை (talai),తల (tala),মাথা (matha),कपार (kapār),head,tête,માથું (māthũ),सिर (sir),سر (sar),testa,डोके (ḍoke),cabeça,голова́ (golová),cabeza,Kopf,سر (sar),سِر (sir),頭 (atama),머리 (meori),หัว (hua),kichwa,頭 (tóu),頭 (deu),頭 (tàuh),baş
ear,ጆሮ (joro),ودن (widn),kunne,دان (dān),أُذُن (udhūn),أضان (aḍān),tai,telinga,kuping,tainga,ಕಿವಿ (kivi),காது (kātu),చెవి (cevi),কান (kan),कान (kān),ear,oreille,કાન (kān),कान (kān),گوش (guš),orecchio,कान (kān),orelha,у́хо (úxo),oreja,Ohr,کان (kān),کن (kann),耳 (mimi),귀 (gwi),หู (hu),sikio,耳朵 (ěrduo),耳朵 (gni tu),耳仔 (yíh jái),kulak
eye,ዓይን ('ayn),عين ('ēn),ido,عين ('ēn),عَيْن ('ayn),عين (ayn),mắt,mata,mripat,mata,ಕಣ್ಣು (kaṇṇu),கண் (kaṇ),కన్ను (kannu),চোখ (cōkh),आँख (ā̃kh),eye,œil,આંખ (ā̃kha),आँख (ā̃kh),چشم (češm),occhio,डोळा (ḍoḷā),olho,глаз (glaz),ojo,Auge,آنکھ (ā̃kh),اکھ (akkha),目 (me),눈 (nun),ตา (ta),jicho,眼睛 (yǎnjing),眼睛 (nge cin),眼 (ngáahn),göz
nose,አፍንጫ ('afinča),مناخير (manākhīr),hanci,منخار (munkhār),أَنْف (anf),نخرة (nukharah),mũi,hidung,irung,ilong,ಮೂಗು (mūgu),மூக்கு (mūkku),ముక్కు (mukku),নাক (nak),नाक (nāk),nose,nez,નાક (nāk),नाक (nāk),بینی (bini),naso,नाक (nāk),nariz,нос (nos),nariz,Nase,ناک (nāk),نَک (nakka),鼻 (hana),코 (ko),จมูก (chamuk),pua,鼻 (bí),鼻頭 (biq deu),鼻 (beih),burun
mouth,አፍ ('af),بق (boqq),baki,تم (tumm),فَم (fam),خشم (khashm),miệng,mulut,cangkem,bibig,ಬಾಯಿ (bāyi),வாய் (vāy),నోరు (nōru),মুখ (mukh),मुँह (mũh),mouth,bouche,મોં (mõ),मुँह (mũh),دهان (dahân),bocca,तोण्ड (toṇḍa),boca,рот (rot),boca,Mund,منہ (munh),مُنہ (mū̃h),口 (kuchi),입 (ip),ปาก (pak),kinywa,嘴 (zuǐ),嘴巴 (tsy po),嘴 (jeúih),ağız
tooth,ጥርስ (ṭirs),سنة (sinna),haƙori,سن (sinn),سِنّ (sinn),سن (sinn),răng,gigi,untu,ngipin,ಹಲ್ಲು (hallu),பல் (pal),పన్ను (pannu),দাঁত (dãt),दाँत (dā̃t),tooth,dent,દાંત (dā̃t),दाँत (dā̃t),دندان (dandân),dente,दात (dāt),dente,зуб (zub),diente,Zahn,دانت (dānt),دند (dand),歯 (ha),이 (i),ฟัน (fan),jino,牙齒 (yáchǐ),牙齒 (nga tshy),牙 (ngàah),diş
tongue,ምላስ (milas),لسان (lisān),harshe,لسان (lsān),لِسَان (lisān),لسان (lisān),lưỡi,lidah,ilat,dila,ನಾಲಗೆ (nālage),நாக்கு (nākku),నాలుక (nāluka),জিভ (jibh),जीभ (jībh),tongue,langue,જીભ (jībh),जीभ (jībh),زبان (zabân),lingua,जीभ (jībh),língua,язы́к (jazýk),lengua,Zunge,زبان (zabān),جیبھ (jībh),舌 (shita),혀 (hyeo),ลิ้น (lin),ulimi,舌 (shé),舌頭 (zeq deu),脷 (leih),dil
claw/nail,ጥፍር (ṭifir),ضافر (ḍāfir),farce,أضفر (ḍufur),ظُفْر (ẓufr),ضفر (ḍufur),móng,kuku,kuku,kuko,ಉಗುರು (uguru),நகம் (nakam),గోరు (gōru),নখ (nokh),नाख़ुन (nāxun),nail,ongle,નખ (nakh),नाख़ुन (nāxun),ناخن (nâxon),unghia,नख (nakh),unha,но́готь (nógotʹ),uña,Fingernagel,ناخن (nāxun),ننگل (naṅgal),爪 (tsume),손톱 (sontop),เล็บ (lep),ukucha,指甲 (zhǐjia),手指掐 (seu tsy khaq),指甲 (jíh gaap),tırnak
foot,እግር (igir),رجل (rigl),ƙafa,إجر (ijr),قَدَم (qadam),كراع (kurā'),bàn chân,kaki,sikil,paa,ಅಡಿ (aḍi),கால் (kāl),పాదము (pādamu),পা (pa),गोड़ (goṛ),foot,pied,પગ (pag),पैर (pair),پا (pâ),piede,पाऊल (pāūl),pé,стопа́ (stopá),pie,Fuß,پیر (pair),پَیر (pair),足 (ashi),발 (bal),เท้า (thao),mguu,腳 (jiǎo),腳 (ciaq),腳 (geuk),ayak
knee,ጉልበት (gulbet),ركبة (rukba),gwiwa,ركبة (rukbe),رُكْبَة (rukbah),ركبة (rukba),đầu gối,lutut,dhengkul,tuhod,ಮಂಡಿ (maṇḍi),மூட்டு (mūṭṭu),మోకాలు (mōkālu),হাঁটু (hãṭu),ठेहुना (ṭhehunā),knee,genou,ઘૂંટણ (ghū̃ṭaṇ),घुटना (ghuṭnā),زانو (zânu),ginocchio,गुडघा (guḍghā),joelho,коле́но (koléno),rodilla,Knie,گھٹنا (ghuṭnā),گودے (goḍe),膝 (hiza),무릎 (mureup),เข่า (khao),goti,膝 (xī),腳饅頭 (ciaq moe deu),膝頭 (sat tàuh),diz
hand,እጅ (ij),ايد (īd),hannu,إيد (īd),يَد (yad),يد (yad),bàn tay,tangan,tangan,kamay,ಕೈ (kai),கை (kai),చెయ్యి (ceyyi),হাত (hat),हाथ (hāth),hand,main,હાથ (hāth),हाथ (hāth),دست (dast),mano,हात (hāt),mão,рука́ (ruká),mano,Hand,ہاتھ (hāth),ہتھ (hattha),手 (te),손 (son),มือ (mue),mkono,手 (shǒu),手 (seu),手 (sáuh),el
belly,ሆድ (hod),بطن (baṭn),ciki,بطن (baṭen),بَطْن (baṭn),بطن (baṭn),bụng,perut,weteng,tiyan,ಹೊಟ್ಟೆ (hoṭṭe),தொந்தி (tonti),పొట్ట (poṭṭa),পেট (peṭ),पेट (peṭ),belly,ventre,પેટ (peṭ),पेट (peṭ),شکم (šekam),pancia,पोट (poṭ),barriga,живо́т (živót),barriga,Bauch,پیٹ (peṭ),ڍِڈ (ḍhiḍḍa),腹 (hara),배 (bae),ท้อง (thong),tumbo,肚子 (dùzi),肚皮 (du bi),肚 (tóuh),karın
neck,አንገት (anget),رقبة (raqaba),wuya,رقبة (raqabe),رَقَبَة (raqabah),رقبة (ragaba),cổ,leher,gulu,leeg,ಕತ್ತು (kattu),கழுத்து (kaḻuttu),మెడ (meḍa),গলা (gola),गरदन (gardan),neck,cou,ગળું (gaḷũ),गरदन (gardan),گردن (gardan),collo,गळा (gaḷā),pescoço,ше́я (šéja),cuello,Hals,گردن (gardan),گردن (gardan),首 (kubi),목 (mok),คอ (kho),shingo,脖子 (bózi),頭頸 (deu cin),頸 (géng),boyun
breast,ጡት (t’uti),بـِزّ (bezz),nono,ثديّ (ṣedr),صدر (sadar),صدر (ṣɑdr),nhũ hoa,dada,payudara,dibdib,ಎದೆ (ede),மார்பகம் (mārpakam),రొమ్ము (rom'mu),স্তন (stana),छाती (chhati),breast,sein,સ્તન (stana),स्तन (stan),سینه (sineh),seno,स्तन (stana),peito,грудь (grud'),mama,Brust,چھاتی (chhati),چھاتی (chātī),胸 (mune),가슴 (gaseum),หน้าอก (h̄n̂āxk),kifua,胸部 (xiōngbù),胷 (hyúng),胸 (hung),göğüs
heart,ልብ (lib),قلب (qalb),zuciya,قلب (qalb),لُبّ (lubb),قلب (galb),tim,jantung,jantung,puso,ಹೃದಯ (hṛdaya),இதயம் (itayam),గుండె (guṇḍe),হৃদয় (hridoẏ),हीव (hīv),heart,cœur,હૈયું (haiyũ),दिल (dil),دل (del),cuore,हृदय (hruday),coração,се́рдце (sérdce),corazón,Herz,دل (dil),دِل (dil),心 (kokoro),심장 (simjang),หัวใจ (huachai),moyo,心臟 (xīnzàng),心 (shin),心 (sām),yürek
liver,ጉበት (gubet),كبد (kibd),hanta,كبدة (kibde),كَبِد (kabid),كبدة (kibdah),gan,hati,ati,atay,ಈಲಿ (īli),ஈரல் (īral),కాలేయం (kālēyaṁ),কলিজা (kolija),जिगर (jigar),liver,foie,યકૃત (yakŕt),जिगर (jigar),جگر (jegar),fegato,यकृत (yakrut),fígado,пе́чень (péčenʹ),hígado,Leber,جگر (jigar),جگر (jigar),肝 (kimo),간 (gan),ตับ (tap),ini,肝 (gān),肝 (koe),肝 (gōn),karaciğer
drink (v.),መጠጣት (meṭeṭat),شرب (shirib),sha,شرب (shirib),شَرِبَ (shariba),شرب (sharab),uống,minum,ngombé,uminom,ಕುಡಿ (kuḍi),குடி (kuṭi),తాగు (tāgu),পান (pan),पीए (pīe),drink,boire,પીવું (pīvũ),पीना (pīnā),نوشیدن (nušidan),bere,पिणे (piṇe),beber,пить (pitʹ),beber,trinken,پینا (pīnā),پینا (pīṇā),飲む (nomu),마시다 (masida),ดื่ม (duem),nywa,喝 (hē),喝 (haq),飲 (yám),içmek
eat (v.),መብላት (meblat),كل (kal),ci,أكل (akal),أَكَلَ (akala),أكل (akal),ăn,makan,mangan,kumain,ತಿನ್ನು (tinnu),சாப்பிடு (cāppiṭu),తిను (tinu),খাওয়া (khaōẇa),खाए (khāe),eat,manger,ખાવું (khāvũ),खाना (khānā),خوردن (xordan),mangiare,खाणे (khāṇe),comer,есть (jestʹ),comer,essen,کھانا (khānā),کھانا (khāṇā),食う (kuu),먹다 (meokda),กิน (kin),la,吃 (chī),吃 (chiq),食 (sihk),yemek
bite (v.),መንከስ (menkes),عض ('aḍḍ),ciza,عض ('aḍḍ),عَضَّ ('aḍḍa),عض (aḍḍ),cắn,gigit,nyokot,kumagat,ಕಡಿ (kaḍi),கடி (kaṭi),కొరుకు (koruku),কামড়ানো (kamṛanō),काटे (kāṭe),bite,mordre,બચકું ભરવું (backũ bharvũ),काटना (kāṭnā),گزیدن (gazidan),mordere,चावणे (ċāvṇe),morder,куса́ть (kusátʹ),morder,beißen,کاٹنا (kāṭnā),چُنڈنا (cūṇḍṇā),噛む (kamu),물다 (mulda),กัด (kat),donoa,咬 (yǎo),咬 (ngau),咬 (ngáauh),ısırmak
see (v.),ማየት (mayet),شاف (shāf),gani,شاف (shāf),رَأَى (ra'ā),شاف (shāf),thấy,lihat,ndeleng,makita,ನೋಡು (nōḍu),பார் (pār),చూచు (cūcu),দেখা (dekha),देखे (dekhe),see,voir,જોવું (jovũ),देखना (dekhnā),دیدن (didan),vedere,पाहणे (pāhṇe),ver,ви́деть (vídetʹ),ver,sehen,دیکھنا (dekhnā),ویکھنا (vekhṇā),見る (miru),보다 (boda),เห็น (hen),ona,看 (kàn),看 (khoe),見 (gin),görmek
hear (v.),መስማት (mesmat),سمع (simi'),ji,سمع (simi'),سَمِعَ (sami'a),سمع (sima'a),nghe,dengar,krungu,marinig,ಕೇಳು (kēḷu),கேள் (kēḷ),విను (vinu),শোনা (śōna),सुने (sune),hear,entendre,સાંભળવું (sā̃bhaḷvũ),सुनना (sunnā),شنیدن (šenidan),sentire,ऐकणे (aikṇe),ouvir,слы́шать (slýšatʹ),oír,hören,سننا (sunnā),سُننا (suṇnā),聞く (kiku),듣다 (deutda),ได้ยิน (daiyin),sikia,聽 (tīng),聽 (thin),聽 (tēng),işitmek
know (v.),ማወቅ (maweq),عرف ('irif),sani,عرف ('arif),عَرَفَ ('arafa),عرف (arif),biết,tahu,ngerti,umalam,ತಿಳಿ (tiḷi),அறி (aṟi),తెలుసుకొను (telusukonu),জানা (jana),जाने (jāne),know,savoir,જાણવું (jāṇvũ),जानना (jānnā),دانستن (dânestan),sapere,जाणणे (j̈āṇṇe),saber,знать (znatʹ),saber,wissen,جاننا (jānnā),جاننا (jāṇnā),知る (shiru),알다 (alda),รู้ (ru),jua,知道 (zhīdào),曉得 (shiau teq),知 (jī),bilmek
sleep (v.),መተኛት (meteñat),نام (nām),yi barci,نام (nām),نَامَ (nāma),نام (nām),ngủ,tidur,turu,matulog,ಮಲಗು (malagu),தூங்கு (tūṅku),కునుకు (kunuku),ঘুমানো (ghumanō),सुते (sute),sleep,dormir,ઊંઘવું (ū̃ghavũ),सोना (sonā),خوابیدن (xâbidan),dormire,झोपणे (j̈hopṇe),dormir,спать (spatʹ),dormir,schlafen,سونا (sonā),سَونا (sauṇā),寝る (neru),자다 (jada),นอน (non),lala,睡 (shuì),睏 (khuen),瞓 (fan),uyumak
die (v.),መሞት (memot),مات (māt),mutu,مات (māt),مَاتَ (māta),مات (māt),chết,mati,mati,mamatay,ಸಾಯಿ (sāyi),சா (cā),చచ్చు (caccu),মরা (mora),मरे (mare),die,mourir,મરવું (marvũ),मरना (marnā),مردن (mordan),morire,मरणे (marṇe),morrer,умира́ть (umirátʹ),morir,sterben,مرنا (marnā),مرنا (marnā),死ぬ (shinu),죽다 (jukda),ตาย (tai),fa,死 (sǐ),死 (shi),死 (séi),ölmek
kill (v.),መግደል (megdel),قتل (qatal),kashe,قتل (qatal),قَتَلَ (qatala),قتل (katal),giết,bunuh,matèni,pumatay,ಕೊಲ್ಲು (kollu),கொல் (kol),చంపు (campu),মারা (mara),मारे (māre),kill,tuer,મારવું (mārvũ),मारना (mārnā),کشتن (koštan),uccidere,मारणे (mārṇe),matar,убива́ть (ubivátʹ),matar,töten,مارنا (mārnā),مارنا (mārnā),殺す (korosu),죽이다 (jugida),ฆ่า (kha),ua,殺 (shā),殺 (saq),殺 (saat),öldürmek
swim (v.),መዋኘት (mewañat),عام ('ām),yi iyo,سبح (sibaḥ),سَبَحَ (sabaḥa),عام (ām),bơi,renang,nglangi,lumangoy,ಈಜು (īju),நீந்து (nīntu),ఈదు (īdu),সাঁতরানো (śãtranō),तैरे (taire),swim,nager,તરવું (tarvũ),तैरना (tairnā),شنا کردن (šenâ kardan),nuotare,पोहणे (pohṇe),nadar,пла́вать (plávatʹ),nadar,schwimmen,تیرنا (tairnā),تیرنا (tairnā),泳ぐ (oyogu),수영하다 (suyeonghada),ว่ายน้ำ (wai nam),ogelea,游 (yóu),游泳 (yeu ion),游水 (yàuh seúi),yüzmek
fly (v.),መብረር (mebrer),طار (ṭār),tashi,طار (ṭār),طَارَ (ṭāra),طار (ṭār),bay,terbang,mabur,lumipad,ಹಾರು (hāru),பற (paṟa),ఎగురు (eguru),ওড়া (ōṛa),उड़े (uṛe),fly,voler,ઉડવું (uḍavũ),उड़ना (uṛnā),پریدن (paridan),volare,उडणे (uḍṇe),voar,лета́ть (letátʹ),volar,fliegen,اڑنا (uṛnā),اڈنا (uḍḍaṇā),飛ぶ (tobu),날다 (nalda),บิน (bin),paa,飛 (fēi),飛 (fi),飛 (fēi),uçmak
walk (v.),መራመድ (meramed),مشى (masha),yi tafiya a ƙas,مشى (masha),مَشَى (mashā),مشى (masha),đi,jalan,mlaku,maglakad,ನಡೆ (naḍe),நட (naṭa),నడుచు (naḍucu),হাঁটা (hãṭa),चले (chale),walk,marcher,ચાલવું (cālvũ),चलना (calnā),راه رفتن (râh raftan),camminare,चालणे (ċālṇe),andar,ходи́ть (xodítʹ),caminar,gehen,چلنا (calnā),ٹرنا (turnā),歩く (aruku),걷다 (geotda),เดิน (doen),tembea,走 (zǒu),走 (tseu),行 (hàahng),yürümek
come (v.),መምጣት (memṭat),جه (ga),zo,إجا (ija),جَاءَ (jā'a),جاء (ja),đến,datang,teka,dumating,ಬಾ (bā),வா (vā),వచ్చు (vaccu),আসা (aśa),आवे (āve),come,venir,આવવું (āvavũ),आना (ānā),آمدن (âmadan),venire,येणे (yeṇe),vir,приходи́ть (prixodítʹ),venir,kommen,آنا (ānā),آونا (āuṇā),来る (kuru),오다 (oda),มา (ma),ja,來 (lái),來 (le),嚟 (làih),gelmek
lie (down) (v.),መተኛት (meteñat),رقد (ra'ad),yi kwanciya,نام (nām),رَقَدَ (raqada),رقد (ragad),nằm,baring,turon,humiga,ಪಡು (paḍu),படு (paṭu),పడుకొను (paḍukonu),শোয়া (śōẇa),लेटे (leṭe),lie,s’étendre,સુવું (suvũ),लेटना (leṭnā),دراز کشیدن (derâz kešidan),distendersi,आडवे होणे (āḍve hoṇe),deitar-se,лежа́ть (ležátʹ),echarse,liegen,لیٹنا (leṭnā),لیٹنا (leṭṇā),横たわる (yokotawaru),눕다 (nupda),นอน (non),gona,躺 (tǎng),睏 (khuen),瞓 (fan),yatmak
sit (v.),መቀመጥ (meqemeṭ),قعد (qa'ad),zauna,قعد ('a'ad),جَلَسَ (jalasa),قعد (ga'ad),ngồi,duduk,lungguh,umupo,ಕೂರು (kūru),உட்கார் (uṭkār),కూర్చొను (kūrconu),বসা (bośa),बैठे (baiṭhe),sit,s’asseoir,બેસવું (besvũ),बैठना (baiṭhnā),نشستن (nešastan),sedersi,बसणे (basṇe),sentar-se,сиде́ть (sidétʹ),sentarse,sitzen,بیٹھنا (baiṭhnā),بہنا (bahiṇā),座る (suwaru),앉다 (anta),นั่ง (nang),kaa,坐 (zuò),坐 (zu),坐 (chóh),oturmak
stand (v.),መቆም (meqom),وقف (wa'af),miƙe tsaye,وقف (waqqaf),وَقَفَ (waqafa),وقف (wagaf),đứng,diri,ngadeg,tumayo,ನಿಲ್ಲು (nillu),நில் (nil),నిలుచొను (niluconu),দাঁড়ানো (dãṛanō),ठाड़ होवे (ṭhāṛ hove),stand,se lever,ઊભવું (ūbhavũ),खड़ा होना (khaṛā honā),ایستادن (istâdan),stare in piedi,उभे राहणे (ubhe rāhṇe),pôr-se de pé,стоя́ть (stojátʹ),levantarse,stehen,کھڑا ہونا (khaṛā honā),کھڑنا (khaṛhnā),立つ (tatsu),서다 (seoda),ยืน (yuen),simama,站 (zhàn),立 (liq),企 (kéih),durmak
give (v.),መስጠት (mesṭet),ادى (adda),ba,أعطى ('a'ṭa),أَعْطَى (a'ṭā),أدى (adda),cho,beri,wènèhi,magbigay,ಕೊಡು (koḍu),கொடு (koṭu),ఇచ్చు (iccu),দেওয়া (deōẇa),देवे (deve),give,donner,આપવું (āpavũ),देना (denā),دادن (dâdan),dare,देणे (deṇe),dar,дава́ть (davátʹ),dar,geben,دینا (denā),دینا (deṇā),与える (ataeru),주다 (juda),ให้ (hai),pa,給 (gěi),撥 (peq),畀 (béi),vermek
say (v.),ማለት (malet),قال (qāl),ce,قال (qāl),قَالَ (qāla),قال (gāl),nói,kata,ngomong,magsabi,ಹೇಳು (hēḷu),சொல் (col),చెప్పు (ceppu),বলা (bola),कहे (kahe),say,dire,બોલવું (bolvũ),कहना (kahnā),گفتن (goftan),dire,म्हणणे (mhaṇṇe),dizer,говори́ть (govorítʹ),decir,sagen,کہنا (kahnā),آکھنا (ākhaṇā),言う (iu),말하다 (malhada),พูด (phut),sema,說 (shuō),講 (kaon),講 (góng),demek
sun,ፀሐይ (ṣehay),شمس (shams),rana,شمس (shams),شَمْس (shams),شمس (shams),mặt trời,matahari,srengéngé,araw,ಸೂರ್ಯ (sūrya),சூரியன் (cūriyaṉ),సూర్యుడు (sūryuḍu),সূর্য (śurjo),सूरज (sūraj),sun,soleil,સૂર્ય (sūrya),सूरज (sūraj),خورشید (xoršid),sole,सूर्य (sūrya),sol,со́лнце (sólnce),sol,Sonne,سورج (sūraj),سُورج (sūraj),日 (hi),해 (hae),ตะวัน (tawan),jua,太陽 (tàiyáng),太陽 (tha yan),太陽 (taai yèuhng),güneş
moon,ጨረቃ (čereqa),قمر (qamar),wata,قمر (qamar),قَمَر (qamar),قمر (gamar),trăng,bulan,rembulan,buwan,ಚಂದ್ರ (candra),நிலா (nilā),చంద్రుడు (candruḍu),চাঁদ (cãd),चान् (chān),moon,lune,ચંદ્ર (candra),चांद (cānd),ماه (mâh),luna,चंद्र (candra),lua,луна́ (luná),luna,Mond,چاند (cānd),چند (cann),月 (tsuki),달 (dal),เดือน (duean),mwezi,月亮 (yuèliang),月亮 (yuiq lian),月亮 (yuht leúhng),ay
star,ኮከብ (kokeb),نجمة (nigma),tauraro,نجمة (nijme),نَجْم (najm),نجمة (najma),sao,bintang,lintang,bituin,ನಕ್ಷತ್ರ (nakṣatra),நட்சத்திரம் (naṭcattiram),నక్షత్రం (nakṣatraṁ),তারা (tara),तारा (tārā),star,étoile,તારો (tāro),तारा (tārā),ستاره (setâre),stella,तारा (tārā),estrela,звезда́ (zvezdá),estrella,Stern,ستارہ (sitārā),تارا (tārā),星 (hoshi),별 (byeol),ดาว (dao),nyota,星 (xīng),星星 (shin shin),星 (sīng),yıldız
water,ውሃ (wiha),مية (mayya),ruwa,مي (mayy),مَاء (mā'),موية (moya),nước,air,banyu,tubig,ನೀರು (nīru),நீர் (nīr),నీరు (nīru),জল (jol),पानी (pānī),water,eau,પાણી (pāṇī),पानी (pānī),آب (âb),acqua,पाणी (pāṇī),água,вода́ (vodá),agua,Wasser,پانی (pānī),پانی (pāṇī),水 (mizu),물 (mul),น้ำ (nam),maji,水 (shuǐ),水 (sy),水 (seúi),su
rain,ዝናብ (zinab),مطر (maṭar),ruwan sama,شتا (shita),مَطَر (maṭar),مطر (maṭar),mưa,hujan,udan,ulan,ಮಳೆಸುರಿ (maḷesuri),மழை (maḻai),కురియు (kuriyu),বৃষ্টি (briśṭi),बरखा (barkhā),rain,pluie,વરસાદ (varsād),बारिश (bāriś),باران (bârân),pioggia,पाऊस (pāūs),chuva,дождь (doždʹ),lluvia,Regen,بارش (barish),میہ (mī̃h),雨 (ame),비 (bi),ฝน (fon),mvua,雨 (yǔ),雨 (yu),雨 (yúh),yağmur
stone,ድንጋይ (dingay),حجر (ḥagar),dutse,حجر (ḥajar),حَجَر (ḥajar),حجر (ḥajar),đá,batu,watu,bato,ಕಲ್ಲು (kallu),கல் (kal),రాయి (rāyi),পাথর (pathor),पत्थल (patthal),stone,pierre,પથ્થર (paththar),पत्थर (patthar),سنگ (sang),sasso,दगड (dagaḍ),pedra,ка́мень (kámenʹ),piedra,Stein,پتھر (patthar),پتھر (patthar),石 (ishi),돌 (dol),หิน (hin),jiwe,石 (shí),石頭 (zaq deu),石 (sehk),taş
sand,አሸዋ (asewa),رملة (ramla),rairayi,رمل (raml),رَمْل (raml),رملة (ramla),cát,pasir,wedhi,buhangin,ಮರಳು (maraḷu),மண் (maṇ),ఇసుక (isuka),বালি (bali),बालू (bālū),sand,sable,રેતી (retī),रेत (ret),شن (šen),sabbia,वाळू (vāḷū),areia,песо́к (pesók),arena,Sand,ریت (ret),ریت (ret),砂 (suna),모래 (morae),ทราย (sai),mchanga,沙 (shā),沙子 (so tsy),沙 (sāa),kum
earth/soil,መሬት (meret),ارض (arḍ),kasa,أرض (arḍ),أَرْض (arḍ),واطة (wāṭa),đất,bumi,lemah,lupa,ನೆಲ (nela),பூமி (pūmi),మన్ను (mannu),মাটি (maṭi),ज़मीन (zamīn),earth,terre,ધરતી (dhartī),धरती (dhartī),زمین (zamin),terra,पृथ्वी (pruthvī),terra,земля́ (zemljá),tierra,Erde,زمین (zamīn),دھرتی (dhartī),土 (tsuchi),흙 (heuk),ดิน (din),ardhi,土 (tǔ),爛泥 (na gni),泥 (nàih),yer
cloud,ደመና (demena),سحابة (saḥāba),gajimare,غيم (ghēm),سَحَابَة (saḥābah),غيم (ghēm),mây,awan,méga,ulap,ಮೋಡ (mōḍa),மேகம் (mēkam),మబ్బు (mabbu),মেঘ (megh),बदरी (badrī),cloud,nuage,વાદળ (vādaḷ),बादल (bādal),ابر (abr),nuvola,ढग (ḍhag),nuvem,о́блако (óblako),nube,Wolke,بادل (bādal),بدل (baddal),雲 (kumo),구름 (gureum),เมฆ (mek),wingu,雲 (yún),雲 (yun),雲 (wàhn),bulut
smoke,ጢስ (ṭis),دخان (dukhān),hayaƙi,دخان (dukhkhān),دُخَان (dukhān),دخان (dukhkhān),khói,asap,pegĕl,usok,ಹೊಗೆ (hoge),புகை (pukai),పొగ (poga),ধোঁয়া (dhō̃ẇa),धुआँ (dhuā̃),smoke,fumée,ધુમાડો (dhumāḍo),धुआँ (dhuā̃),دود (dud),fumo,धूर (dhūr),fumo,дым (dym),humo,Rauch,دھواں (dhūā̃),دھُواں (dhū̃ā̃),煙 (kemuri),연기 (yeon-gi),ควัน (khwan),moshi,煙 (yān),煙 (i),煙 (yīn),duman
fire,እሳት (isat),نار (nār),wuta,نار (nār),نَار (nār),نار (nār),lửa,api,geni,apoy,ಬೆಂಕಿ (beṅki),தீ (tī),మంట (maṇṭa),আগুন (agun),आग (āg),fire,feu,આગ (āga),आग (āg),آتش (âtaš),fuoco,आग (āg),fogo,ого́нь (ogónʹ),fuego,Feuer,آگ (āg),اگ (agga),火 (hi),불 (bul),ไฟ (fai),moto,火 (huǒ),火 (hu),火 (fó),ateş
ash,አመድ (amed),رماد (rumād),toka,رماد (ramād),رَمَاد (ramād),رماد (ramād),tro,abu,awu,abo,ಬೂದಿ (būdi),சாம்பல் (cāmpal),బూడిద (būḍida),ছাই (chai),राख (rākh),ash,cendre,રાખ (rākh),राख (rākh),خاکستر (xâkestar),cenere,राख (rākh),cinzas,зола́ (zolá),cenizas,Asche,راکھ (rākh),سواہ (suāha),灰 (hai),재 (jae),เถ้า (thao),majivu,灰 (huī),灰 (hue),灰 (fūi),kül
burn (brightly) (v.),መቃጠል (meqaṭel),حرق (ḥaraq),ƙone,حرق (ḥaraq),حَرَقَ (ḥaraqa),حرق (ḥaraq),đốt,bakar,kobong,magsunog,ಸುಡು (suḍu),எரி (eri),కాలు (kālu),পোড়া (pōṛa),जरे (jare),burn,brûler,બાળવું (bāḷvũ),जलना (jalnā),سوختن (suxtan),bruciare,जळणे (j̈aḷṇe),arder,горе́ть (gorétʹ),quemar,brennen,جلنا (jalnā),ساڑنا (sāṛnā),燃える (moeru),타다 (tada),เผา (phao),waka,燒 (shāo),燒 (sau),燒 (sīu),yanmak
path,መንገድ (meneged),طريق (ṭarīq),haniya,طريق (ṭarīq),طَرِيق (ṭarīq),طريق (ṭarīg),đường,jalan,dalan,daan,ಹಾದಿ (hādi),சாலை (cālai),బాట (bāṭa),পথ (poth),सड़क (saṛak),path,route,રસ્તો (rasto),सड़क (saṛak),راه (râh),strada,रस्ता (rastā),estrada,доро́га (doróga),camino,Straße,سڑک (saṛak),سڑک (saṛak),道 (michi),길 (gil),ทาง (thang),njia,路 (lù),路 (lu),路 (louh),yol
mountain,ተራራ (terara),جبل (gabal),babban dutse,جبل (jabal),جَبَل (jabal),جبل (jabal),núi,gunung,gunung,bundok,ಪರ್ವತ (parvata),மலை (malai),కొండ (koṇḍa),পাহাড় (pahaṛ),पहाड़ (pahāṛ),mountain,montagne,પહાડ (pahāḍ),पहाड़ (pahāṛ),کوه (kuh),montagna,डोंगर (ḍoṅgar),montanha,гора́ (gorá),montaña,Berg,پہاڑ (pahāṛ),پہاڑ (pahāṛ),山 (yama),산 (san),ภูเขา (phukhao),mlima,山 (shān),山 (se),山 (sāan),dağ
red,ቀይ (qey),احمر (aḥmar),ja,أحمر (aḥmar),أَحْمَر (aḥmar),أحمر (aḥmar),đỏ,merah,abang,pula,ಕೆಂಪು (kempu),சிவப்பு (civappu),ఎర్ర (erra),লাল (lal),लाल (lāl),red,rouge,લાલ (lāl),लाल (lāl),سرخ (sorx),rosso,लाल (lāl),vermelho,кра́сный (krásnyj),rojo,rot,سرخ (surkh),لال (lāl),赤い (akai),빨갛다 (ppalgata),แดง (daeng),ekundu,紅 (hóng),紅 (ghon),紅 (hùhng),kırmızı
green,አረንጓዴ (arengwade),اخضر (akhḍar),kore,أخضر (akhḍar),أَخْضَر (akhḍar),أخضر (akhḍar),xanh,hijau,ijo,luntian,ಹಸಿರು (hasiru),பச்சை (paccai),పచ్చ (pacca),সবুজ (śobuj),हरीयर (harīyar),green,vert,લીલો (līlo),हरा (harā),سبز (sabz),verde,हिरवे (hirve),verde,зелёный (zeljónyj),verde,grün,سبز (sabz),ہَرا (harā),緑 (midori),초록색 (choroksaek),เขียว (khiao),kijani,綠 (lǜ),綠 (loq),綠 (luhk),yeşil
yellow,ቢጫ (biča),اصفر (aṣfar),rawaya,أصفر (aṣfar),أَصْفَر (aṣfar),أصفر (asfar),vàng,kuning,kuning,dilaw,ಹಳದಿ (haḷadi),மஞ்சள் (mañcaḷ),పసుపు (pasupu),হলুদ (holud),पीयर (pīyar),yellow,jaune,પીળો (pīḷo),पीला (pīlā),زرد (zard),giallo,पिवळे (pivḷe),amarelo,жёлтый (žóltyj),amarillo,gelb,پیلا (pīlā),پِیلا (pīlā),黄色い (kiiroi),노랗다 (norata),เหลือง (lueang),manjano,黃 (huáng),黃 (waon),黃 (wòhng),sarı
white,ነጭ (neč),ابيض (abyaḍ),fari,أبيض (abyaḍ),أَبْيَض (abyaḍ),أبيض (abyaḍ),trắng,putih,putih,puti,ಬಿಳಿ (biḷi),வெள்ளை (veḷḷai),తెల్ల (tella),সাদা (śada),उज्जर (ujjar),white,blanc,સફેદ (saphed),सफ़ेद (safed),سفید (sefid),bianco,पांढरे (pāṇḍhre),branco,бе́лый (bélyj),blanco,weiß,سفید (safed),چِٹا (ciṭṭā),白い (shiroi),하얗다 (hayata),ขาว (khao),eupe,白 (bái),白 (baq),白 (baahk),beyaz
black,ጥቁር (ṭiqur),اسود (aswad),baƙi,أسود (aswad),أَسْوَد (aswad),أزرق (azrag),đen,hitam,ireng,itim,ಕರಿ (kari),கருப்பு (karuppu),నల్ల (nalla),কালো (kalō),करिया (kariyā),black,noir,કાળો (kāḷo),काला (kālā),سیاه (siyâh),nero,काळे (kāḷe),preto,чёрный (čórnyj),negro,schwarz,سیاہ (siyāh),کالا (kālā),黒い (kuroi),검다 (geomda),ดำ (dam),eusi,黑 (hēi),黑 (heq),黑 (hāk),siyah
night,ሌሊት (lelit),ليل (lēl),dare,ليلة (lēle),لَيْل (layl),ليلة (lēla),đêm,malam,wengi,gabi,ರಾತ್ರಿ (rātri),இரவு (iravu),రేయి (rēyi),রাত (rat),रात (rāt),night,nuit,રાત (rāt),रात (rāt),شب (šab),notte,रात्र (rātra),noite,ночь (nočʹ),noche,Nacht,رات (rāt),رات (rāt),夜 (yoru),밤 (bam),กลางคืน (klangkhuen),usiku,夜 (yè),夜裏 (ya li),夜晚 (yeh maahn),gece
hot,ትኩስ (tikus),سخن (sukhn),mai ɗumi,سخن (sukhn),دَافِئ (dāfi'),دافي (dāfi),nóng,hangat,panas,mainit,ಬೆಚ್ಚ (becca),வெக்கை (vekkai),వెచ్చని (veccani),গরম (gorom),गरम (garam),hot,chaud,ગરમ (garam),गर्म (garm),گرم (garm),caldo,गरम (garam),quente,тёплый (tjóplyj),caliente,heiß,گرم (garm),گرم (garam),熱い (atsui),덥다 (deopda),ร้อน (ron),moto,熱 (rè),暖熱 (noe gniq),熱 (yiht),sıcak
cold,ቀዝቃዛ (qezqaza),برد (bard),mai sanyi,بارد (bārid),بَارِد (bārid),ساقع (sāqi'),lạnh,dingin,adhem,malamig,ಕುಳಿರು (kuḷiru),குளிர்ச்சி (kuḷircci),చల్లని (callani),ঠান্ডা (ṭhanḍa),ठंडा (ṭhaṇḍā),cold,froid,ઠંડુ (ṭhaṇḍu),ठंडा (ṭhaṇḍā),سرد (sard),freddo,गार (gār),frio,холо́дный (xolódnyj),frío,kalt,سرد (sard),ٹھنڈا (ṭhaṇḍā),寒い (samui),춥다 (chupda),หนาว (nao),baridi,冷 (lěng),冷 (lan),凍 (dung),soğuk
full,ሙሉ (mulu),مليان (malyān),cikakke,ملان (malān),مُمْتَلِئ (mumtali'),مليان (malyān),đầy,penuh,kebak,puno,ತುಂಬು (tumbu),முழு (muḻu),నిండు (niṇḍu),ভরা (bhora),पूरा (pūrā),full,plein,ભરેલું (bharelũ),पूरा (pūrā),پر (por),pieno,संपूर्ण (sampūrṇa),cheio,по́лный (pólnyj),lleno,voll,پورا (pūrā),پُورا (pūrā),満ちた (michita),가득하다 (gadeukada),เต็ม (tem),nene,滿 (mǎn),滿 (moe),滿 (múhn),dolu
new,አዲስ (addis),جديد (gidīd),sabo,جديد (jdīd),جَدِيد (jadīd),جديد (jadīd),mới,baru,anyar,bago,ಹೊಸ (hosa),புது (putu),కొత్త (kotta),নতুন (notun),नाया (nāyā),new,nouveau,નવું (navũ),नया (nayā),نو (now),nuovo,नवे (nave),novo,но́вый (nóvyj),nuevo,neu,نیا (nayā),نَواں (navā̃),新しい (atarashii),새롭다 (saeropda),ใหม่ (mai),pya,新 (xīn),新 (shin),新 (sān),yeni
good,ጥሩ (ṭiru),كويس (kuwayyis),mai kyau,منيح (mnīḥ),طَيِّب (ṭayyib),سمح (samiḥ),tốt,baik,apik,mabuti,ಒಳ್ಳೆ (oḷḷe),நல்ல (nalla),మంచి (mañci),ভালো (bhalō),बढ़ियाँ (baṛhiyā̃),good,bon,સારું (sārũ),अच्छा (acchā),خوب (xub),buono,चांगले (cāṅgle),bom,хоро́ший (xoróšij),bueno,gut,اچھا (acchā),چَنگا (caṅgā),良い (yoi),좋다 (jota),ดี (di),ema,好 (hǎo),好 (hau),好 (hóu),iyi
round,ክብ (kib),مدور (midawwar),mai da’ira,مدوّر (mdawwar),مُسْتَدِير (mustadīr),مدور (muḍawwar),tròn,bulat,bundher,bilog,ಗುಂಡು (guṇḍu),உருண்ட (uruṇṭa),గుండ్రని (guṇḍrani),গোল (gōl),गोल (gol),round,rond,ગોળ (goḷ),गोल (gol),گرد (gerd),rotondo,गोल (gol),redondo,кру́глый (krúglyj),redondo,rund,گول (gol),گول (gol),丸い (marui),둥글다 (dunggeulda),กลม (klom),duara,圓 (yuán),圓 (yoe),圓 (yùhn),yuvarlak
dry,ደረቅ (dereq),ناشف (nāshif),maras laima,ناشف (nāshif),جَافّ (jāff),ناشف (nāshif),khô,kering,garing,tuyo,ಒಣ (oṇa),உலர்ந்த (ularnta),పొడి (poḍi),শুকনা (śukona),सूखल (sūkhal),dry,sec,સુકું (sukũ),सूखा (sūkhā),خشک (xošk),secco,कोरडे (korḍe),seco,сухо́й (suxój),seco,trocken,خشک (khushk),سُکّا (sukkā),乾いた (kawaita),마르다 (mareuda),แห้ง (haeng),kavu,乾 (gān),乾 (koe),乾 (gōn),kuru
name,ስም (sim),اسم (ism),suna,اسم (ism),اِسْم (ism),إسم (ism),tên,nama,jeneng,ngalan,ಹೆಸರು (hesaru),பெயர் (peyar),పేరు (pēru),নাম (nam),नाव (nāv),name,nom,નામ (nām),नाम (nām),اسم (esm),nome,नाव (nāv),nome,и́мя (ímja),nombre,Name,نام (nām),ناں (nā̃),名 (na),이름 (ireum),ชื่อ (chue),jina,名字 (míngzi),名字 (min zy),名 (mèhng),ad